Workbook

Sheet Backlog
A1: ID | B1: Tipo | C1: Título / Elemento | D1: Objetivos | E1: Prioridad | F1: Esfuerzo estimado (h) | G1: Esfuerzo real (h) | H1: Criterios de aceptación / entregables | I1: Estado | J1: Etapa
A2: EP-01 | B2: Épica | C2: Etapa 1: Definición, investigación y análisis de requerimientos | D2: OG, OE1, OE2, OE3, OE4 | E2: Alta | F2: =F3+F8+F12+F16+F22 -> 74 | G2: =G3+G8+G12+G16+G22 -> 73 | H2: Problema, estado del arte, objetivos, requerimientos y alternativas definidos y respaldados. | I2: Realizado | J2: Etapa 1
A3: HU-01 | B3: Historia | C3: Investigación bibliográfica y estado del arte | D3: OG, OE1, OE2, OE4 | E3: Alta | F3: =SUM(F4:F7) -> 19 | G3: =SUM(G4:G7) -> 20 | H3: Conjunto de fuentes académicas y técnicas organizado en BibTeX y utilizado en el informe. | I3: Realizado | J3: Etapa 1
A4: T-01.1 | B4: Tarea | C4: Investigar comparaciones de distribuciones ligeras de Kubernetes | D4: OE1, OE2 | E4: Alta | F4: 6 | G4: 8 | H4: Fichas bibliográficas sobre K3s, MicroK8s y métricas de CPU, memoria, throughput y latencia. | I4: Realizado | J4: Etapa 1
A5: T-01.2 | B5: Tarea | C5: Investigar mecanismos HA y almacenamiento de estado (etcd vs Dqlite) | D5: OE1, OE2 | E5: Alta | F5: 5 | G5: 5 | H5: Fichas sobre quórum, replicación, recuperación y diferencias arquitectónicas. | I5: Realizado | J5: Etapa 1
A6: T-01.3 | B6: Tarea | C6: Investigar observabilidad energética y niveles de medición | D6: OE2 | E6: Alta | F6: 5 | G6: 4 | H6: Antecedentes sobre Scaphandre, RAPL/powercap, Kepler y limitaciones de atribución energética. | I6: Realizado | J6: Etapa 1
A7: T-01.4 | B7: Tarea | C7: Investigar infraestructura IaaS y limitaciones de comparación energética | D7: OE4 | E7: Baja | F7: 3 | G7: 3 | H7: Fuentes NIST y/o literatura que delimiten la comparación local frente a nube pública. | I7: Realizado | J7: Etapa 1
A8: HU-02 | B8: Historia | C8: Redacción de problema, partes interesadas y brechas | D8: OG | E8: Alta | F8: =SUM(F9:F11) -> 12 | G8: =SUM(G9:G11) -> 12 | H8: Sección de introducción con problema, relevancia, stakeholders y brechas claramente articuladas. | I8: Realizado | J8: Etapa 1
A9: T-02.1 | B9: Tarea | C9: Redacción: Introducción y definición del problema | D9: OG | E9: Alta | F9: 5 | G9: 5 | H9: Problema formulado y justificado mediante literatura pertinente. | I9: Realizado | J9: Etapa 1
A10: T-02.2 | B10: Tarea | C10: Redacción: percepción de las partes interesadas basada en literatura | D10: OG | E10: Alta | F10: 3 | G10: 3 | H10: Necesidades de administradores, sostenibilidad/SRE e investigación explicitadas sin presentarlas como entrevistas. | I10: Realizado | J10: Etapa 1
A11: T-02.3 | B11: Tarea | C11: Redacción: brechas de investigación y pregunta de investigación | D11: OG, OE2, OE3, OE4 | E11: Alta | F11: 4 | G11: 4 | H11: Cuatro brechas y pregunta de investigación coherentes con el alcance. | I11: Realizado | J11: Etapa 1
A12: HU-03 | B12: Historia | C12: Definición de objetivos y trazabilidad | D12: OG, OE1, OE2, OE3, OE4 | E12: Alta | F12: =SUM(F13:F15) -> 11 | G12: =SUM(G13:G15) -> 11 | H12: Objetivo general, objetivos específicos, criterios SMART y trazabilidad alineados. | I12: Realizado | J12: Etapa 1
A13: T-03.1 | B13: Tarea | C13: Redacción y revisión del objetivo general y objetivos específicos | D13: OG, OE1, OE2, OE3, OE4 | E13: Alta | F13: 4 | G13: 4 | H13: Objetivos formulados con verbos verificables y alcance delimitado. | I13: Realizado | J13: Etapa 1
A14: T-03.2 | B14: Tarea | C14: Redacción de criterios SMART | D14: OG | E14: Alta | F14: 3 | G14: 3 | H14: Criterios Specific, Measurable, Achievable, Relevant y Time-bound documentados. | I14: Realizado | J14: Etapa 1
A15: T-03.3 | B15: Tarea | C15: Construcción y revisión de matriz de trazabilidad | D15: OG, OE1, OE2, OE3, OE4 | E15: Alta | F15: 4 | G15: 4 | H15: Cada brecha vinculada con objetivos e indicadores de cumplimiento. | I15: Realizado | J15: Etapa 1
A16: HU-04 | B16: Historia | C16: Análisis y justificación de requerimientos | D16: OE1, OE2, OE3, OE4 | E16: Alta | F16: =SUM(F17:F21) -> 17 | G16: =SUM(G17:G21) -> 15 | H16: Requerimientos funcionales, no funcionales y experimentales documentados y justificados. | I16: Realizado | J16: Etapa 1
A17: T-04.1 | B17: Tarea | C17: Redacción de requerimientos de arquitectura, HA y VIP | D17: OE1 | E17: Alta | F17: 3 | G17: 3 | H17: RF-01 a RF-05 formulados con criterios de aceptación verificables. | I17: Realizado | J17: Etapa 1
A18: T-04.2 | B18: Tarea | C18: Redacción de requerimientos de automatización y reproducibilidad | D18: OE1 | E18: Alta | F18: 3 | G18: 3 | H18: RNF-01 a RNF-04 definidos para Terraform, Ansible, homogeneidad y versionado. | I18: Realizado | J18: Etapa 1
A19: T-04.3 | B19: Tarea | C19: Redacción de requerimientos de observabilidad energética | D19: OE2 | E19: Alta | F19: 4 | G19: 3 | H19: RE-01 a RE-04 definidos con nivel de medición explícito. | I19: Realizado | J19: Etapa 1
A20: T-04.4 | B20: Tarea | C20: Redacción de requerimientos de observabilidad de recursos y rendimiento | D20: OE2, OE3 | E20: Alta | F20: 5 | G20: 4 | H20: RO-01 a RO-08 definidos para CPU, RAM, Prometheus, throughput, latencia, errores y sincronización. | I20: Realizado | J20: Etapa 1
A21: T-04.5 | B21: Tarea | C21: Redacción de requerimientos de experimentación, resiliencia y nube pública | D21: OE2, OE3, OE4 | E21: Alta | F21: 2 | G21: 2 | H21: REX-01 a REX-07, RR-01 a RR-04 y RC-01 a RC-03 definidos. | I21: Realizado | J21: Etapa 1
A22: HU-05 | B22: Historia | C22: Evaluación crítica de alternativas técnicas | D22: OE1, OE2 | E22: Alta | F22: =SUM(F23:F27) -> 15 | G22: =SUM(G23:G27) -> 15 | H22: Alternativas técnicas comparadas y decisión final justificada. | I22: Realizado | J22: Etapa 1
A23: T-05.1 | B23: Tarea | C23: Comparar K3s/MicroK8s frente a Kubernetes estándar | D23: OE1 | E23: Media | F23: 3 | G23: 3 | H23: Alcance de dos distribuciones ligeras justificado. | I23: Realizado | J23: Etapa 1
A24: T-05.2 | B24: Tarea | C24: Comparar Scaphandre frente a alternativas de observabilidad energética | D24: OE2 | E24: Alta | F24: 3 | G24: 3 | H24: Selección de medición a nivel de host justificada, sin atribución innecesaria a contenedores. | I24: Realizado | J24: Etapa 1
A25: T-05.3 | B25: Tarea | C25: Justificar Node Exporter y Prometheus para recursos | D25: OE2 | E25: Alta | F25: 3 | G25: 3 | H25: Separación clara entre energía, utilización de recursos y almacenamiento temporal. | I25: Realizado | J25: Etapa 1
A26: T-05.4 | B26: Tarea | C26: Justificar k6 para carga y métricas de rendimiento | D26: OE2 | E26: Alta | F26: 3 | G26: 3 | H26: Selección de herramienta respaldada por sus métricas de solicitudes, duración y errores. | I26: Realizado | J26: Etapa 1
A27: T-05.5 | B27: Tarea | C27: Justificar Keepalived/VRRP y Terraform/Ansible | D27: OE1 | E27: Media | F27: 3 | G27: 3 | H27: Decisiones de acceso redundante y automatización justificadas. | I27: Realizado | J27: Etapa 1
A28: EP-02 | B28: Épica | C28: Etapa 2: Diseño experimental y técnico | D28: OE1, OE2, OE3 | E28: Alta | F28: =F29+F34+F40+F46 -> 40 | G28: =G29+G34+G40+G46 -> 33 | H28: Diseño de arquitectura, instrumentación, protocolo, datos y documentación listos para implementar. | I28: Realizado | J28: Etapa 2
A29: HU-06 | B29: Historia | C29: Diseño de infraestructura virtualizada y red | D29: OE1 | E29: Alta | F29: =SUM(F30:F33) -> 10 | G29: =SUM(G30:G33) -> 10 | H29: Diseño reproducible de 6 VMs, red, VIP y recursos homogéneos. | I29: Realizado | J29: Etapa 2
A30: T-06.1 | B30: Tarea | C30: Diseñar topología QEMU/KVM para 6 VMs | D30: OE1 | E30: Alta | F30: 2 | G30: 2 | H30: Diagrama con 3 nodos K3s y 3 nodos MicroK8s y recursos equivalentes. | I30: Realizado | J30: Etapa 2
A31: T-06.2 | B31: Tarea | C31: Definir CPU, RAM, almacenamiento y sistema operativo homogéneos | D31: OE1 | E31: Alta | F31: 3 | G31: 3 | H31: Especificaciones técnicas registradas como referencia experimental. | I31: Realizado | J31: Etapa 2
A32: T-06.3 | B32: Tarea | C32: Diseñar direccionamiento, redes y VIP | D32: OE1 | E32: Alta | F32: 3 | G32: 3 | H32: Plan de direccionamiento documentado con IPs de nodos y VIP. | I32: Realizado | J32: Etapa 2
A33: T-06.4 | B33: Tarea | C33: Actualizar justificación del mecanismo VIP: de Keepalived/VRRP a kube-vip | D33: OE1 | E33: Media | F33: 2 | G33: 2 | H33: informe actualizado con la justificación de kube-vip. | I33: Realizado | J33: Etapa 2
A34: HU-07 | B34: Historia | C34: Diseño de la arquitectura de observabilidad | D34: OE2 | E34: Alta | F34: =SUM(F35:F39) -> 15 | G34: =SUM(G35:G39) -> 10 | H34: Fuentes, flujo de datos y responsabilidades de cada herramienta definidos. | I34: Realizado | J34: Etapa 2
A35: T-07.1 | B35: Tarea | C35: Diseñar medición energética con Scaphandre + RAPL/powercap | D35: OE2 | E35: Alta | F35: 3 | G35: 2 | H35: Fuente energética, dominio y ventana de medición definidos. | I35: Realizado | J35: Etapa 2
A36: T-07.2 | B36: Tarea | C36: Diseñar recolección de CPU y RAM con Node Exporter | D36: OE2 | E36: Alta | F36: 3 | G36: 2 | H36: Métricas y frecuencia de consulta seleccionadas. | I36: Realizado | J36: Etapa 2
A37: T-07.3 | B37: Tarea | C37: Diseñar almacenamiento y consultas en Prometheus | D37: OE2 | E37: Alta | F37: 3 | G37: 2 | H37: Métricas, etiquetas y retención necesarias definidas. | I37: Realizado | J37: Etapa 2
A38: T-07.4 | B38: Tarea | C38: Diseñar instrumentación de rendimiento con k6 | D38: OE2 | E38: Alta | F38: 3 | G38: 2 | H38: Métricas de throughput, latencia, errores y resultados definidas. | I38: Realizado | J38: Etapa 2
A39: T-07.5 | B39: Tarea | C39: Diseñar observación de resiliencia y sincronización temporal | D39: OE2, OE3 | E39: Alta | F39: 3 | G39: 2 | H39: Eventos, logs, marcas temporales y criterios de inicio/recuperación definidos. | I39: Realizado | J39: Etapa 2
A40: HU-08 | B40: Historia | C40: Diseño del protocolo experimental | D40: OE2, OE3 | E40: Alta | F40: =SUM(F41:F45) -> 9 | G40: =SUM(G41:G45) -> 8 | H40: Matriz de escenarios, repeticiones, ventanas y criterios de calidad aprobada. | I40: Realizado | J40: Etapa 2
A41: T-08.1 | B41: Tarea | C41: Definir escenarios de carga: idle, media y alta | D41: OE2 | E41: Alta | F41: 2 | G41: 2 | H41: Carga, duración, VUs y criterio de estabilización documentados. | I41: Realizado | J41: Etapa 2
A42: T-08.2 | B42: Tarea | C42: Definir número de repeticiones y aleatorización/secuencia | D42: OE3 | E42: Alta | F42: 2 | G42: 1 | H42: Plan de réplicas y orden de ejecución definido para reducir sesgos. | I42: Realizado | J42: Etapa 2
A43: T-08.3 | B43: Tarea | C43: Definir ventanas de medición y sincronización de datos | D43: OE2, OE3 | E43: Alta | F43: 2 | G43: 2 | H43: Reglas para alinear Scaphandre, Prometheus y k6 documentadas. | I43: Realizado | J43: Etapa 2
A44: T-08.4 | B44: Tarea | C44: Definir protocolo de fallo controlado de un nodo | D44: OE2, OE3 | E44: Alta | F44: 2 | G44: 2 | H44: Procedimiento seguro con criterios de inicio, detección, recuperación e impacto. | I44: Realizado | J44: Etapa 2
A45: T-08.5 | B45: Tarea | C45: Definir plan estadístico preliminar | D45: OE3 | E45: Media | F45: 1 | G45: 1 | H45: Medidas descriptivas, supuestos y criterios para seleccionar pruebas. | I45: Realizado | J45: Etapa 2
A46: HU-09 | B46: Historia | C46: Diseño de documentación y repositorio | D46: OE1, OE2, OE3 | E46: Media | F46: =SUM(F47:F49) -> 6 | G46: =SUM(G47:G49) -> 5 | H46: Diagramas, estructura del repositorio y registro de decisiones definidos. | I46: Realizado | J46: Etapa 2
A47: T-09.1 | B47: Tarea | C47: Diseñar diagrama de arquitectura general | D47: OE1, OE2 | E47: Media | F47: 2 | G47: 2 | H47: Diagrama de infraestructura, clústeres, observabilidad y carga. | I47: Realizado | J47: Etapa 2
A48: T-09.2 | B48: Tarea | C48: Definir estructura del repositorio Git | D48: OE1, OE2, OE3 | E48: Media | F48: 1 | G48: 1 | H48: Carpetas para Terraform, Ansible, Kubernetes, k6, datos y análisis. | I48: Realizado | J48: Etapa 2
A49: T-09.3 | B49: Tarea | C49: Documentar decisiones técnicas y criterios de aceptación | D49: OG, OE1, OE2 | E49: Media | F49: 3 | G49: 2 | H49: Registro inicial de decisiones con justificación y relación con requisitos. | I49: Realizado | J49: Etapa 2
A50: EP-03 | B50: Épica | C50: Etapa 2: Diseño e incorporación de retroalimentación | D50: OG, OE1, OE2, OE3 | E50: Alta | F50: =F51 -> 2 | G50: =G51 -> 2 | H50: Retroalimentación de Etapa 1 incorporada y diseño preparado para implementación. | I50: Realizado | J50: Etapa 2
A51: HU-10 | B51: Historia | C51: Aplicación de retroalimentación del profesor guía | D51: OG, OE1, OE2, OE3 | E51: Alta | F51: =SUM(F52:F53) -> 2 | G51: =SUM(G52:G53) -> 2 | H51: Cambios trazables en objetivos, requisitos, diseño y backlog. | I51: Realizado | J51: Etapa 2
A52: T-10.1 | B52: Tarea | C52: Revisar observaciones recibidas en Etapa 1 | D52: OG | E52: Alta | F52: 1 | G52: 1 | H52: Lista de observaciones y acciones de respuesta documentada. | I52: Realizado | J52: Etapa 2
A53: T-10.2 | B53: Tarea | C53: Actualizar informe, requerimientos y backlog según retroalimentación | D53: OG, OE1, OE2, OE3 | E53: Alta | F53: 1 | G53: 1 | H53: Cambios incorporados y registrados en Git. | I53: Realizado | J53: Etapa 2
A54: EP-04 | B54: Épica | C54: Etapa 2: Implementación de infraestructura y Alta Disponibilidad | D54: OE1 | E54: Alta | F54: =F55+F61+F66+F71+F80 -> 32 | G54: =G55+G61+G66+G71+G80 -> 42 | H54: Infraestructura virtualizada y ambos clústeres HA implementados y operativos. | I54: Realizado | J54: Etapa 2
A55: HU-11 | B55: Historia | C55: Automatización de infraestructura con Terraform | D55: OE1 | E55: Alta | F55: =SUM(F56:F60) -> 5 | G55: =SUM(G56:G60) -> 5 | H55: Seis VMs reproducibles con red y recursos homogéneos. | I55: Realizado | J55: Etapa 2
A56: T-11.1 | B56: Tarea | C56: Configurar provider de Terraform para QEMU/KVM (libvirt) | D56: OE1 | E56: Alta | F56: 1 | G56: 1 | H56: Terraform conecta y administra correctamente el proveedor. | I56: Realizado | J56: Etapa 2
A57: T-11.2 | B57: Tarea | C57: Crear redes virtuales y direccionamiento de nodos | D57: OE1 | E57: Alta | F57: 1 | G57: 1 | H57: Redes operativas y direcciones reservadas para nodos y VIP. | I57: Realizado | J57: Etapa 2
A58: T-11.3 | B58: Tarea | C58: Provisionar 3 VMs para K3s y 3 VMs para MicroK8s | D58: OE1 | E58: Alta | F58: 1 | G58: 1 | H58: Seis VMs operativas con especificaciones equivalentes. | I58: Realizado | J58: Etapa 2
A59: T-11.4 | B59: Tarea | C59: Generar/registrar inventario para Ansible | D59: OE1 | E59: Media | F59: 1 | G59: 1 | H59: Inventario reproducible con grupos K3s y MicroK8s. | I59: Realizado | J59: Etapa 2
A60: T-11.5 | B60: Tarea | C60: Implementar afinidad de CPU (pinning) de las VMs mediante XSLT sobre el XML de libvirt | D60: OE1, OE2 | E60: Alta | F60: 1 | G60: 1 | H60: cada VM fijada a un núcleo físico completo y un núcleo reservado al host, sin cambiar la cantidad de vCPU. | I60: Realizado | J60: Etapa 2
A61: HU-12 | B61: Historia | C61: Configuración base de nodos con Ansible | D61: OE1 | E61: Alta | F61: =SUM(F62:F65) -> 7 | G61: =SUM(G62:G65) -> 7 | H61: Seis nodos estandarizados y listos para instalar Kubernetes. | I61: Realizado | J61: Etapa 2
A62: T-12.1 | B62: Tarea | C62: Configurar hostname, SSH, paquetes base y sincronización | D62: OE1 | E62: Alta | F62: 2 | G62: 2 | H62: Todos los nodos accesibles y con configuración base uniforme. | I62: Realizado | J62: Etapa 2
A63: T-12.2 | B63: Tarea | C63: Configurar Swap/cgroups y parámetros necesarios del SO | D63: OE1 | E63: Alta | F63: 1 | G63: 1 | H63: Configuración validada en las seis VMs. | I63: Realizado | J63: Etapa 2
A64: T-12.3 | B64: Tarea | C64: Configurar conectividad y reglas de red inter-nodo | D64: OE1 | E64: Alta | F64: 2 | G64: 2 | H64: Comunicación necesaria para los planos de control habilitada. | I64: Realizado | J64: Etapa 2
A65: T-12.4 | B65: Tarea | C65: Eliminar fuentes de ruido y latencia en los nodos (motd-news, apt-news, ua-timer) | D65: OE1 | E65: Media | F65: 2 | G65: 2 | H65: motd-news, apt-news y ua-timer deshabilitados en cloud-init. | I65: Realizado | J65: Etapa 2
A66: HU-13 | B66: Historia | C66: Implementación de K3s en Alta Disponibilidad | D66: OE1 | E66: Alta | F66: =SUM(F67:F70) -> 6 | G66: =SUM(G67:G70) -> 6 | H66: Clúster K3s de tres servidores con etcd operativo. | I66: Realizado | J66: Etapa 2
A67: T-13.1 | B67: Tarea | C67: Instalar e inicializar primer servidor K3s con etcd embebido | D67: OE1 | E67: Alta | F67: 2 | G67: 2 | H67: Primer nodo operativo y datos de acceso disponibles. | I67: Realizado | J67: Etapa 2
A68: T-13.2 | B68: Tarea | C68: Unir los dos servidores restantes al clúster | D68: OE1 | E68: Alta | F68: 1 | G68: 1 | H68: Tres servidores en estado Ready. | I68: Realizado | J68: Etapa 2
A69: T-13.3 | B69: Tarea | C69: Validar salud, quórum y funcionamiento del clúster | D69: OE1 | E69: Alta | F69: 1 | G69: 1 | H69: Comandos de validación muestran clúster estable. | I69: Realizado | J69: Etapa 2
A70: T-13.4 | B70: Tarea | C70: Ajustar instalación de K3s para kube-vip (quitar --bind-address; --disable traefik --disable servicelb) | D70: OE1 | E70: Alta | F70: 2 | G70: 2 | H70: K3s instalado sin --bind-address y con --disable traefik --disable servicelb, y API accesible por la VIP. | I70: Realizado | J70: Etapa 2
A71: HU-14 | B71: Historia | C71: Implementación de MicroK8s en Alta Disponibilidad | D71: OE1 | E71: Alta | F71: =SUM(F72:F79) -> 10 | G71: =SUM(G72:G79) -> 14 | H71: Clúster MicroK8s de tres nodos con Dqlite operativo. | I71: Realizado | J71: Etapa 2
A72: T-14.1 | B72: Tarea | C72: Instalar MicroK8s en los tres nodos | D72: OE1 | E72: Alta | F72: 2 | G72: 2 | H72: Tres instalaciones uniformes y accesibles. | I72: Realizado | J72: Etapa 2
A73: T-14.2 | B73: Tarea | C73: Unir los nodos y habilitar/verificar HA | D73: OE1 | E73: Alta | F73: 2 | G73: 5 | H73: Tres nodos unidos y HA operativa. | I73: Realizado | J73: Etapa 2
A74: T-14.2.1 | B74: Tarea | C74: Diagnosticar y resolver apiserver-kicker (regeneración de certificados por IP de kube-vip) | D74: OE1 | E74: Alta | F74: 1 | G74: 1 | H74: Causa raíz identificada y corregida; documentada como hallazgo de complejidad operativa de MicroK8s frente a K3s. | I74: Realizado | J74: Etapa 2
A75: T-14.2.2 | B75: Tarea | C75: Diagnosticar y resolver ausencia de entrada propia en /etc/hosts (timeout DNS en llamadas sudo) | D75: OE1 | E75: Alta | F75: 1 | G75: 1 | H75: Causa raíz identificada y corregida; documentada como hallazgo de complejidad operativa de MicroK8s frente a K3s. | I75: Realizado | J75: Etapa 2
A76: T-14.2.3 | B76: Tarea | C76: Diagnosticar y resolver certificado de servidor mal firmado post-join | D76: OE1 | E76: Alta | F76: 1 | G76: 1 | H76: Causa raíz identificada y corregida; documentada como hallazgo de complejidad operativa de MicroK8s frente a K3s. | I76: Realizado | J76: Etapa 2
A77: T-14.2.4 | B77: Tarea | C77: Diagnosticar y resolver joins concurrentes de Dqlite (condición de carrera) | D77: OE1 | E77: Alta | F77: 1 | G77: 1 | H77: Causa raíz identificada y corregida; documentada como hallazgo de complejidad operativa de MicroK8s frente a K3s. | I77: Realizado | J77: Etapa 2
A78: T-14.2.5 | B78: Tarea | C78: Ajustar timeouts de arranque en frío de MicroK8s y completar la unión de los 3 nodos | D78: OE1 | E78: Alta | F78: 1 | G78: 1 | H78: Causa raíz identificada y corregida; documentada como hallazgo de complejidad operativa de MicroK8s frente a K3s. | I78: Realizado | J78: Etapa 2
A79: T-14.3 | B79: Tarea | C79: Validar estado de Dqlite, quórum y servicios | D79: OE1 | E79: Alta | F79: 1 | G79: 2 | H79: Clúster estable y comandos de validación documentados. | I79: Realizado | J79: Etapa 2
A80: HU-15 | B80: Historia | C80: Implementación de acceso redundante mediante kube-vip | D80: OE1 | E80: Alta | F80: =SUM(F81:F83) -> 4 | G80: =SUM(G81:G83) -> 10 | H80: VIP operativa y con migración ante fallo controlado. | I80: Realizado | J80: Etapa 2
A81: T-15.1 | B81: Tarea | C81: Instalar y configurar kube-vip en los nodos del plano de control | D81: OE1 | E81: Alta | F81: 2 | G81: 8 | H81: VIP disponible y configuración reproducible. | I81: Realizado | J81: Etapa 2
A82: T-15.2 | B82: Tarea | C82: Validar migración de VIP ante indisponibilidad de un nodo | D82: OE1 | E82: Alta | F82: 1 | G82: 1 | H82: VIP cambia al nodo de respaldo sin pérdida prolongada del acceso. | I82: Realizado | J82: Etapa 2
A83: T-15.3 | B83: Tarea | C83: Retirar los roles Keepalived y HAProxy de ambas distribuciones | D83: OE1 | E83: Media | F83: 1 | G83: 1 | H83: Roles keepalived y haproxy eliminados sin referencias residuales. | I83: Realizado | J83: Etapa 2
A84: EP-05 | B84: Épica | C84: Etapa 3: Implementación de observabilidad y aplicación | D84: OE2 | E84: Alta | F84: 47 | G84: =G85+G90+G96+G102+G108 -> 31 | H84: Stack de observabilidad operativo y aplicación de referencia preparada. | I84: Realizado | J84: Etapa 3
A85: HU-16 | B85: Historia | C85: Implementación de medición energética | D85: OE2 | E85: Alta | F85: =SUM(F86:F89) -> 5 | G85: =SUM(G86:G89) -> 5 | H85: Scaphandre registra energía y potencia del host durante pruebas. | I85: Realizado | J85: Etapa 3
A86: T-16.1 | B86: Tarea | C86: Instalar y configurar Scaphandre en el host físico | D86: OE2 | E86: Alta | F86: 1 | G86: 1 | H86: Scaphandre ejecuta y expone métricas energéticas. Fuente: evidencia_T-16.md. | I86: Realizado | J86: Etapa 3
A87: T-16.2 | B87: Tarea | C87: Verificar disponibilidad de RAPL/powercap y dominios | D87: OE2 | E87: Alta | F87: 1 | G87: 1 | H87: Contadores accesibles y dominio energético documentado. Fuente: evidencia_T-16.md. | I87: Realizado | J87: Etapa 3
A88: T-16.3 | B88: Tarea | C88: Configurar captura de energía y potencia durante una prueba | D88: OE2 | E88: Alta | F88: 2 | G88: 2 | H88: Datos de energía/potencia registrados para una ventana experimental, con lectura directa del contador en t_inicio y t_fin además de la consulta a Prometheus. | I88: Realizado | J88: Etapa 3
A89: T-16.4 | B89: Tarea | C89: Validar Scaphandre contra lectura directa de los contadores | D89: OE2 | E89: Alta | F89: 1 | G89: 1 | H89: Consistencia comprobada durante una ventana común. Criterio: diferencia < 2 % entre Scaphandre y el contador crudo. | I89: Realizado | J89: Etapa 3
A90: HU-17 | B90: Historia | C90: Implementación de monitoreo de recursos y almacenamiento temporal | D90: OE2 | E90: Alta | F90: =SUM(F91:F95) -> 11 | G90: =SUM(G91:G95) -> 7 | H90: CPU y RAM disponibles en Prometheus para ambos entornos. | I90: Realizado | J90: Etapa 3
A91: T-17.1 | B91: Tarea | C91: Instalar Node Exporter en los nodos | D91: OE2 | E91: Alta | F91: 2 | G91: 1 | H91: Métricas de CPU y memoria expuestas en todos los nodos. | I91: Realizado | J91: Etapa 3
A92: T-17.2 | B92: Tarea | C92: Instalar/configurar Prometheus | D92: OE2 | E92: Alta | F92: 3 | G92: 2 | H92: Prometheus recolecta correctamente Node Exporter. | I92: Realizado | J92: Etapa 3
A93: T-17.3 | B93: Tarea | C93: Configurar etiquetas y separación de clúster/escenario | D93: OE2, OE3 | E93: Alta | F93: 2 | G93: 1 | H93: Series distinguibles por distribución, nodo y ejecución. | I93: Realizado | J93: Etapa 3
A94: T-17.4 | B94: Tarea | C94: Validar continuidad y frecuencia de recolección | D94: OE2, OE3 | E94: Media | F94: 2 | G94: 1 | H94: No existen interrupciones relevantes durante una prueba piloto. | I94: Realizado | J94: Etapa 3
A95: T-17.5 | B95: Tarea | C95: Instalar kube-state-metrics y definir cómo Prometheus lo scrapea desde el host | D95: OE2 | E95: Alta | F95: 2 | G95: 2 | H95: kube-state-metrics operativo en ambos clústeres, scrapeado por Prometheus, con kube_node_status_condition disponible. | I95: Realizado | J95: Etapa 3
A96: HU-18 | B96: Historia | C96: Implementación de aplicación de referencia y pruebas de carga | D96: OE2 | E96: Alta | F96: =SUM(F97:F101) -> 8 | G96: =SUM(G97:G101) -> 8 | H96: Aplicación idéntica desplegada y accesible mediante el mecanismo definido. | I96: Realizado | J96: Etapa 3
A97: T-18.1 | B97: Tarea | C97: Desplegar aplicación de referencia en K3s y MicroK8s | D97: OE2 | E97: Alta | F97: 3 | G97: 2 | H97: Aplicación responde correctamente en ambos clústeres. | I97: Realizado | J97: Etapa 3
A98: T-18.2 | B98: Tarea | C98: Configurar acceso a la aplicación y endpoints de prueba | D98: OE2 | E98: Alta | F98: 2 | G98: 2 | H98: Endpoints equivalentes y comprobados. | I98: Realizado | J98: Etapa 3
A99: T-18.3 | B99: Tarea | C99: Desarrollar scripts k6 para escenarios de carga | D99: OE2 | E99: Alta | F99: 1 | G99: 1 | H99: Scripts parametrizados para idle, carga media y carga alta. | I99: Realizado | J99: Etapa 3
A100: T-18.4 | B100: Tarea | C100: Configurar exportación y organización de resultados k6 | D100: OE2, OE3 | E100: Alta | F100: 1 | G100: 1 | H100: Resultados guardados por escenario y repetición. | I100: Realizado | J100: Etapa 3
...

Sheet Resumen
A1: Etapa | B1: Fecha evaluación | C1: Foco principal | D1: Horas estimadas | E1: Horas reales | F1: Tareas totales | G1: Tareas realizadas
A2: Etapa 1 | B2: 46269 | C2: Problema, investigación, objetivos y requerimientos | D2: =SUMIFS(Backlog!F:F,Backlog!B:B,"Tarea",Backlog!J:J,A2) -> 74 | E2: =SUMIFS(Backlog!G:G,Backlog!B:B,"Tarea",Backlog!J:J,A2) -> 73 | F2: =COUNTIFS(Backlog!B:B,"Tarea",Backlog!J:J,A2) -> 20 | G2: =COUNTIFS(Backlog!B:B,"Tarea",Backlog!J:J,A2,Backlog!I:I,"Realizado") -> 20
A3: Etapa 2 | B3: 46297 | C3: Diseño técnico, arquitectura, protocolo e implementación inicial | D3: =SUMIFS(Backlog!F:F,Backlog!B:B,"Tarea",Backlog!J:J,A3) -> 74 | E3: =SUMIFS(Backlog!G:G,Backlog!B:B,"Tarea",Backlog!J:J,A3) -> 77 | F3: =COUNTIFS(Backlog!B:B,"Tarea",Backlog!J:J,A3) -> 43 | G3: =COUNTIFS(Backlog!B:B,"Tarea",Backlog!J:J,A3,Backlog!I:I,"Realizado") -> 43
A4: Etapa 3 | B4: 46325 | C4: Implementación observabilidad, pruebas piloto y validación preliminar | D4: =SUMIFS(Backlog!F:F,Backlog!B:B,"Tarea",Backlog!J:J,A4) -> 115 | E4: =SUMIFS(Backlog!G:G,Backlog!B:B,"Tarea",Backlog!J:J,A4) -> 67 | F4: =COUNTIFS(Backlog!B:B,"Tarea",Backlog!J:J,A4) -> 47 | G4: =COUNTIFS(Backlog!B:B,"Tarea",Backlog!J:J,A4,Backlog!I:I,"Realizado") -> 35
A5: Etapa 4 | B5: 46360 | C5: Campaña definitiva, análisis, informe final y defensa | D5: =SUMIFS(Backlog!F:F,Backlog!B:B,"Tarea",Backlog!J:J,A5) -> 122 | E5: =SUMIFS(Backlog!G:G,Backlog!B:B,"Tarea",Backlog!J:J,A5) -> 0 | F5: =COUNTIFS(Backlog!B:B,"Tarea",Backlog!J:J,A5) -> 25 | G5: =COUNTIFS(Backlog!B:B,"Tarea",Backlog!J:J,A5,Backlog!I:I,"Realizado") -> 0
A7: Indicador | B7: Valor
A8: Total de horas estimadas (tareas) | B8: =SUM(D2:D5) -> 385
A9: Total de horas reales (tareas) | B9: =SUM(E2:E5) -> 217
A10: Tareas totales | B10: =SUM(F2:F5) -> 135
A11: Tareas realizadas | B11: =SUM(G2:G5) -> 98
